threshold,recall,precision,f1,fbeta,accuracy
1.0,0.8313253012048193,0.024364406779661018,0.04734133790737565,0.10903919089759798,0.11079090617995517
