threshold,recall,precision,f1,fbeta
1.0,0.963855421686747,0.026872690628149145,0.05228758169934641,0.12088244182532489
