threshold,recall,precision,f1,fbeta
3.0,0.6312056737588653,0.12059620596205962,0.20250284414106942,0.34178187403993854
