threshold,recall,precision,f1,fbeta,accuracy
1.0,0.9397590361445783,0.026192075218267292,0.05096373734073832,0.11782477341389727,0.06980467499199487
