threshold_type,threshold,f1,fbeta,recall,precision,mcc,accuracy,roc_auc
predict_proba,0.0752483484247954,0.023529411764705882,0.023866348448687354,0.024096385542168676,0.022988505747126436,-0.003776750260047383,0.946845981428114,0.5713657260621432
