threshold_type,threshold,f1,fbeta,recall,precision,mcc,accuracy,roc_auc
predict_proba,0.0752483484247954,0.015873015873015876,0.013333333333333334,0.012048192771084338,0.023255813953488372,-0.0024397730777867225,0.9602945885366635,0.5900642041851617
