threshold_type,threshold,f1,fbeta,recall,precision,mcc,accuracy,roc_auc
predict_proba,0.0752483484247954,0.024096385542168676,0.024096385542168676,0.024096385542168676,0.024096385542168676,-0.0025483512999365885,0.9481268011527377,0.5663225269499049
