threshold_type,threshold,f1,fbeta,recall,precision,mcc,accuracy,roc_auc
predict_proba,0.0752483484247954,0.025477707006369428,0.024630541871921183,0.024096385542168676,0.02702702702702703,0.0004358759724012416,0.9510086455331412,0.5629636968928344
