threshold_type,threshold,f1,fbeta,recall,precision,mcc,accuracy,roc_auc
predict_proba,0.0752483484247954,0.3430799220272905,0.47008547008547014,0.624113475177305,0.23655913978494625,0.3550763447315678,0.9284804753820034,0.9023608596284625
