threshold_type,threshold,f1,fbeta,recall,precision,mcc,accuracy,roc_auc
predict_proba,0.0770645695676748,0.03174603174603175,0.02666666666666667,0.024096385542168676,0.046511627906976744,0.014644108809944073,0.9609349983989753,0.48117668040583383
