threshold_type,threshold,f1,fbeta,recall,precision,mcc,accuracy,roc_auc
predict_proba,-6.1672500337659006e-217,0.05177791640673737,0.12011577424023157,1.0,0.026577009285943004,0.0,0.026577009285943004,0.5
